상권_구분_코드,상권_코드,상권_코드_명,keyword
R,1001453,낙성대시장,낙성대시장
R,1001454,봉천제일종합시장,봉천제일종합시장
R,1001474,도곡시장,도곡시장
R,1001475,강남개포시장,강남개포시장
R,1001412,화곡본동시장,화곡본동시장
R,1001413,까치산시장,까치산시장
R,1001414,송화골목시장,송화골목시장
R,1001452,중부시장,중부시장
R,1001415,방신전통시장,방신전통시장
R,1001416,공항시장,공항시장
R,1001423,독산동 우시장,독산동 우시장
R,1001424,남문시장,남문시장
R,1001425,푸른터시장,푸른터시장
R,1001426,대명시장,대명시장
R,1001427,현대시장,현대시장
R,1001428,박미시장,박미시장
R,1001429,은행나무시장,은행나무시장
R,1001470,강남시장_강남,강남시장강남
R,1001372,녹번시장,녹번시장
R,1001373,신응암시장,신응암시장
R,1001374,대림골목시장,대림골목시장
R,1001480,새마을시장,새마을시장
R,1001440,노량진중앙시장,노량진중앙시장
R,1001441,본동인정시장,본동인정시장
R,1001442,신노량진시장,신노량진시장
R,1001443,강남시장_동작,강남시장동작
R,1001444,상도전통시장,상도전통시장
R,1001445,영도시장,영도시장
R,1001446,성대시장,성대시장
R,1001375,증산종합시장,증산종합시장
R,1001376,수일시장,수일시장
R,1001460,관악신사시장,관악신사시장
R,1001461,신림종합시장,신림종합시장
R,1001462,강남골목시장,강남골목시장
R,1001463,신림중앙시장,신림중앙시장
R,1001464,삼성동시장,삼성동시장
R,1001465,신신림시장,신신림시장
R,1001466,미성동도깨비시장,미성동도깨비시장
R,1001467,우림시장,우림시장
R,1001437,영진시장A동,영진시장A동
R,1001438,우리시장,우리시장
R,1001439,대림중앙시장,대림중앙시장
R,1001417,구로시장,구로시장
R,1001418,남구로시장,남구로시장
R,1001419,가리봉시장,가리봉시장
R,1001420,고척근린시장,고척근린시장
R,1001421,개봉중앙시장,개봉중앙시장
R,1001422,오류시장,오류시장
R,1001476,풍납시장,풍납시장
R,1001477,마천시장,마천시장
R,1001478,방이시장,방이시장
R,1001479,석촌시장,석촌시장
R,1001396,목4동시장,목동시장
R,1001397,신영시장,신영시장
R,1001398,월정로시장,월정로시장
R,1001447,상도4동도깨비골목시장,상도동도깨비골목시장
R,1001448,흑석시장,흑석시장
R,1001449,남성사계시장,남성사계시장
R,1001451,사당시장,사당시장
R,1001468,남부종합시장,남부종합시장
R,1001469,양재시장,양재시장
R,1001407,등마루시장,등마루시장
R,1001408,신월중앙시장,신월중앙시장
U,1001494,종로·청계 관광특구,종로·청계 관광특구
R,1001450,남성역골목시장,남성역골목시장
U,1001495,잠실 관광특구,잠실 관광특구
U,1001496,강남 마이스 관광특구,강남 마이스 관광특구
U,1001491,이태원 관광특구,이태원 관광특구
U,1001492,명동 남대문 북창동 다동 무교동 관광특구,명동 남대문 북창동 다동 무교동 관광특구
U,1001493,동대문패션타운 관광특구,동대문패션타운 관광특구
A,1000334,삼양로93길,삼양로93길
A,1000354,덕릉로60길,덕릉로60길
A,1000355,도당로13가길,도당로13가길
A,1000356,도당로13바길,도당로13바길
A,1000357,도당로19길,도당로19길
A,1000358,도당로29길,도당로29길
A,1000364,도봉로156길,도봉로156길
A,1000365,도봉로169나길,도봉로169나길
A,1000366,도봉로181길,도봉로181길
A,1000367,도봉산4길,도봉산4길
A,1000368,도봉산길,도봉산길
A,1000039,명동길,명동길
A,1000040,삼일대로4길,삼일대로4길
A,1000662,독산로50길,독산로50길
A,1000835,청림3길,청림3길
A,1000836,행운1길,행운1길
A,1000527,목동중앙북로16길,목동중앙북로16길
A,1000528,목동중앙북로8길,목동중앙북로8길
A,1000288,오패산로4길,오패산로4길
A,1000315,노해로17길,노해로17길
A,1000316,노해로23길,노해로23길
A,1000106,성덕정17길,성덕정17길
A,1000107,성덕정길,성덕정길
A,1000108,성수이로18길,성수이로18길
A,1000522,목동로9길,목동로9길
A,1000523,목동중앙남로3가길,목동중앙남로3가길
A,1000524,목동중앙로13나길,목동중앙로13나길
A,1000525,목동중앙로3길,목동중앙로3길
A,1000753,사당로29길,사당로29길
A,1000842,원신길,원신길
A,1000843,소담길,소담길
A,1000658,금하로24길,금하로24길
A,1000659,남부순환로112길,남부순환로112길
A,1000660,독산로108길,독산로108길
A,1000661,독산로40길,독산로40길
A,1000171,답십리로23길,답십리로23길
A,1000172,답십리로56길,답십리로56길
A,1000173,답십리로60길,답십리로60길
A,1000174,답십리로63길,답십리로63길
A,1000197,장한로26가길,장한로26가길
A,1000198,장한로26길,장한로26길
A,1000199,장한로27가길,장한로27가길
A,1000200,장한로27길,장한로27길
A,1000150,면목로17길,면목로17길
A,1000151,아차산로40길,아차산로40길
A,1000770,여의대방로22길,여의대방로22길
A,1000771,여의대방로22나길,여의대방로22나길
A,1000772,여의대방로22카길,여의대방로22카길
A,1000773,여의대방로24길,여의대방로24길
A,1000633,구로중앙로19길,구로중앙로19길
A,1000872,서초대로4길,서초대로4길
A,1000873,서초대로64길,서초대로64길
A,1000176,답십리로68길,답십리로68길
A,1000177,답십리로69길,답십리로69길
A,1000178,답십리로72길,답십리로72길
A,1000179,망우로18가길,망우로18가길
A,1000180,망우로18길,망우로18길
A,1000181,망우로21길,망우로21길
A,1000183,무학로45길,무학로45길
A,1000184,사가정로13길,사가정로13길
A,1000185,사가정로23가길,사가정로23가길
A,1000186,사가정로2길,사가정로2길
A,1000187,서울시립대로16길,서울시립대로16길
A,1000188,서울시립대로29길,서울시립대로29길
A,1000347,한천로124나길,한천로124나길
A,1000222,겸재로29길,겸재로29길
A,1000223,겸재로36길,겸재로36길
A,1000224,겸재로54길,겸재로54길
A,1000329,삼양로24길,삼양로24길
A,1000232,동일로130길,동일로130길
A,1000233,동일로139가길,동일로139가길
A,1000234,동일로139길,동일로139길
A,1000634,구로중앙로28길,구로중앙로28길
A,1000635,구로중앙로34길,구로중앙로34길
A,1000119,왕십리로31길,왕십리로31길
A,1000120,왕십리로6길,왕십리로6길
A,1000121,용답29길,용답29길
A,1000122,용답중앙길,용답중앙길
A,1000123,장터길,장터길
A,1000182,무학로16길,무학로16길
A,1000341,오패산로52길,오패산로52길
A,1000226,공릉로2길,공릉로2길
A,1000227,답십리로75길,답십리로75길
A,1000248,면목로78길,면목로78길
A,1000249,봉우재로33길,봉우재로33길
A,1000251,봉화산로4길,봉화산로4길
A,1000252,봉화산로56길,봉화산로56길
A,1000253,사가정로42길,사가정로42길
A,1000254,사가정로54길,사가정로54길
A,1000255,신내로7가길,신내로7가길
A,1000363,도봉로152가길,도봉로152가길
A,1000235,동일로140길,동일로140길
A,1000236,동일로149길,동일로149길
A,1000237,동일로157길,동일로157길
A,1000654,가산로3길,가산로3길
A,1000655,가산로5길,가산로5길
A,1000656,금하로14길,금하로14길
A,1000657,금하로1길,금하로1길
A,1000124,청계천로10나길,청계천로10나길
A,1000077,한강대로104길,한강대로104길
A,1000078,한강대로15길,한강대로15길
A,1000102,사근동길,사근동길
A,1000103,상원12길,상원12길
A,1000104,상원길,상원길
A,1000105,서울숲2길,서울숲2길
A,1000250,봉화산로30길,봉화산로30길
A,1000936,학동로38길,학동로38길
A,1000609,개봉로11길,개봉로11길
A,1000610,개봉로17길,개봉로17길
A,1000505,토정로37길,토정로37길
A,1000506,효창원로93길,효창원로93길
A,1000974,동남로65길,동남로65길
A,1000739,동작대로17길,동작대로17길
A,1000740,동작대로29길,동작대로29길
A,1000741,동작대로33길,동작대로33길
A,1000742,동작대로35길,동작대로35길
A,1000743,동작대로7길,동작대로7길
A,1000744,등용로14길,등용로14길
A,1000844,강남대로23길,강남대로23길
A,1000712,선유서로25길,선유서로25길
A,1000511,곰달래로5길,곰달래로5길
A,1000512,남부순환로33길,남부순환로33길
A,1000513,남부순환로40길,남부순환로40길
A,1000514,남부순환로58길,남부순환로58길
A,1000515,남부순환로70길,남부순환로70길
A,1000516,남부순환로79길,남부순환로79길
A,1000922,삼성로69길,삼성로69길
A,1000923,삼성로75길,삼성로75길
A,1000924,선릉로121길,선릉로121길
A,1000925,선릉로132길,선릉로132길
A,1000926,선릉로133길,선릉로133길
A,1000927,선릉로146길,선릉로146길
A,1000597,양천로73가길,양천로73가길
A,1000799,남부순환로234길,남부순환로234길
A,1000471,마포대로12길,마포대로12길
A,1000472,마포대로20길,마포대로20길
A,1001006,천호대로197길,천호대로197길
A,1001007,천호대로219길,천호대로219길
A,1001008,천호옛14길,천호옛14길
A,1001009,천호옛길,천호옛길
A,1001010,풍성로37가길,풍성로37가길
A,1000787,국회단지길,국회단지길
A,1000543,중앙로32길,중앙로32길
A,1000564,강서로5나길,강서로5나길
A,1000565,강서로5라길,강서로5라길
A,1000566,강서로8길,강서로8길
A,1000567,개화동로23길,개화동로23길
A,1000568,개화동로25길,개화동로25길
A,1000569,곰달래로25길,곰달래로25길
A,1000730,영등포로80길,영등포로80길
A,1000794,난향길,난향길
A,1000795,남부순환로142길,남부순환로142길
A,1000796,남부순환로151길,남부순환로151길
A,1000797,남부순환로161길,남부순환로161길
A,1000798,남부순환로172길,남부순환로172길
A,1000955,송이로23길,송이로23길
A,1000782,관악로28길,관악로28길
A,1000783,관악로30길,관악로30길
A,1000784,관천로15길,관천로15길
A,1000785,관천로22길,관천로22길
A,1000889,개포로17길,개포로17길
A,1000890,개포로20길,개포로20길
A,1000747,사당로16가길,사당로16가길
A,1000442,세무서길,세무서길
A,1000959,양재대로62길,양재대로62길
A,1000960,양재대로64길,양재대로64길
A,1000961,양재대로71길,양재대로71길
A,1000962,양재대로72길,양재대로72길
A,1000963,오금로11길,오금로11길
A,1000964,오금로36길,오금로36길
A,1000665,독산로78다길,독산로78다길
A,1000941,동남로20길,동남로20길
A,1000942,마천로51길,마천로51길
A,1000943,백제고분로21길,백제고분로21길
A,1000944,백제고분로22길,백제고분로22길
A,1000945,백제고분로31길,백제고분로31길
A,1000946,백제고분로32길,백제고분로32길
A,1000956,송이로32길,송이로32길
A,1000957,송이로36길,송이로36길
A,1000958,송파대로30길,송파대로30길
A,1000467,동교로19길,동교로19길
A,1000468,동교로25길,동교로25길
A,1000469,동교로27길,동교로27길
A,1000591,양천로14길,양천로14길
A,1000748,사당로16길,사당로16길
A,1000749,사당로20길,사당로20길
A,1000750,사당로23길,사당로23길
A,1000751,사당로23나길,사당로23나길
A,1000852,논현로27길,논현로27길
A,1000931,영동대로112길,영동대로112길
A,1000932,영동대로65길,영동대로65길
A,1000933,일원로3길,일원로3길
A,1000978,상암로14길,상암로14길
A,1000979,상암로4길,상암로4길
A,1000980,상암로51길,상암로51길
A,1000981,상암로5길,상암로5길
A,1000982,상일로5길,상일로5길
A,1000983,성내로5길,성내로5길
A,1000697,대림로7길,대림로7길
A,1000698,대림로8길,대림로8길
A,1000603,화곡로13길,화곡로13길
A,1000488,신촌로12길,신촌로12길
A,1000489,신촌로28가길,신촌로28가길
A,1000490,신촌로30길,신촌로30길
A,1000491,양화로11길,양화로11길
A,1000507,가로공원로58길,가로공원로58길
A,1000508,곰달래로10길,곰달래로10길
A,1000509,곰달래로2길,곰달래로2길
A,1000592,양천로24가길,양천로24가길
A,1000593,양천로24길,양천로24길
A,1000594,양천로26길,양천로26길
A,1000595,양천로49길,양천로49길
A,1000596,양천로71길,양천로71길
A,1000921,삼성로64길,삼성로64길
A,1000934,일원로9길,일원로9길
A,1000935,테헤란로81길,테헤란로81길
A,1000968,고덕로10길,고덕로10길
A,1000969,고덕로25길,고덕로25길
A,1000970,고덕로61길,고덕로61길
A,1000971,구천면로36길,구천면로36길
A,1000972,구천면로41길,구천면로41길
A,1000973,구천면로42길,구천면로42길
A,1000718,신길로60길,신길로60길
A,1000719,양평로19길,양평로19길
A,1000720,양평로22라길,양평로22라길
A,1000721,양평로28길,양평로28길
A,1000722,여의대방로35길,여의대방로35길
A,1000723,여의대방로39길,여의대방로39길
A,1000476,망원로2길,망원로2길
A,1000477,매봉산로2길,매봉산로2길
A,1000880,효령로23길,효령로23길
A,1000881,효령로31길,효령로31길
A,1000882,효령로34길,효령로34길
A,1000883,효령로72길,효령로72길
A,1000884,방배중앙로21길,방배중앙로21길
A,1000879,청두곶길,청두곶길
A,1000885,서초중앙로8길,서초중앙로8길
A,1000704,도신로29길,도신로29길
A,1000510,곰달래로3길,곰달래로3길
A,1000999,진황도로27길,진황도로27길
A,1000681,시흥대로84길,시흥대로84길
A,1000682,시흥대로94길,시흥대로94길
A,1000895,논현로10길,논현로10길
A,1000896,논현로115길,논현로115길
A,1000897,논현로123길,논현로123길
A,1000473,마포대로4길,마포대로4길
A,1000474,만리재옛길,만리재옛길
A,1000475,망원로11길,망원로11길
A,1000786,구암길,구암길
A,1000904,도곡로37길,도곡로37길
A,1000905,도산대로15길,도산대로15길
A,1000598,우장산로6길,우장산로6길
A,1000599,월정로20길,월정로20길
A,1000600,초록마을로3길,초록마을로3길
A,1000601,초록마을로8길,초록마을로8길
A,1000602,초원로16길,초원로16길
A,1000703,도신로15길,도신로15길
A,1000580,공항대로8길,공항대로8길
A,1000641,도림로6길,도림로6길
A,1000669,범안로17길,범안로17길
A,1000670,벚꽃로56길,벚꽃로56길
A,1000671,시흥대로120길,시흥대로120길
A,1000672,시흥대로138길,시흥대로138길
A,1000673,시흥대로141길,시흥대로141길
A,1000667,문성로5길,문성로5길
A,1000668,범안로11길,범안로11길
A,1000800,남부순환로248길,남부순환로248길
A,1000920,삼성로63길,삼성로63길
A,1000438,모래내로15길,모래내로15길
A,1000439,북아현로4길,북아현로4길
A,1000440,세검정로1길,세검정로1길
A,1000441,세무서2길,세무서2길
A,1000906,도산대로23길,도산대로23길
A,1000907,도산대로30길,도산대로30길
A,1000908,도산대로38길,도산대로38길
A,1000909,도산대로50길,도산대로50길
A,1000910,도산대로81길,도산대로81길
A,1000853,동광로12길,동광로12길
A,1000891,개포로28길,개포로28길
A,1000892,개포로82길,개포로82길
A,1000965,오금로46길,오금로46길
A,1000966,풍성로25길,풍성로25길
A,1000443,수색로8길,수색로8길
A,1000444,신촌로37길,신촌로37길
A,1000445,연희로10길,연희로10길
A,1000446,응암로1길,응암로1길
A,1000447,증가로10길,증가로10길
A,1000898,논현로139길,논현로139길
A,1000666,독산로85길,독산로85길
A,1000544,중앙로36길,중앙로36길
A,1000545,중앙로45길,중앙로45길
A,1000546,중앙로47길,중앙로47길
A,1000547,중앙로51길,중앙로51길
A,1000548,중앙로55길,중앙로55길
A,1000470,동교로38길,동교로38길
A,1000435,가재울로6길,가재울로6길
A,1000436,독립문로8길,독립문로8길
A,1000437,명지대길,명지대길
A,1000975,동남로82길,동남로82길
A,1000976,동남로85길,동남로85길
A,1000977,명일로13길,명일로13길
A,1000893,남부순환로365길,남부순환로365길
A,1000570,곰달래로31길,곰달래로31길
A,1000571,곰달래로47길,곰달래로47길
A,1000572,곰달래로53길,곰달래로53길
A,1000573,곰달래로60길,곰달래로60길
A,1000611,개봉로17다길,개봉로17다길
A,1000612,개봉로1길,개봉로1길
A,1000699,도림로112길,도림로112길
A,1000894,논현로106길,논현로106길
A,1000700,도림로147길,도림로147길
A,1000701,도림로63길,도림로63길
A,1000702,도림천로21길,도림천로21길
A,1000793,난우길,난우길
A,1000984,성안로3길,성안로3길
A,1000845,강남대로34길,강남대로34길
A,1000517,남부순환로88길,남부순환로88길
A,1000899,논현로159길,논현로159길
A,1000900,논현로26길,논현로26길
A,1000901,논현로28길,논현로28길
A,1000902,논현로63길,논현로63길
A,1000903,논현로8길,논현로8길
A,1000578,공항대로59다길,공항대로59다길
A,1000579,공항대로61길,공항대로61길
A,1000967,강동대로53길,강동대로53길
A,1000194,이문로42길,이문로42길
A,1000256,용마산로100길,용마산로100길
A,1000257,용마산로112길,용마산로112길
A,1000258,용마산로118길,용마산로118길
A,1000228,동일로100길,동일로100길
A,1000306,창경궁로43길,창경궁로43길
A,1000460,대흥로28길,대흥로28길
A,1000010,성균관로5길,성균관로5길
A,1000011,숭인동길,숭인동길
A,1000012,옥인길,옥인길
A,1000013,율곡로10길,율곡로10길
A,1000014,율곡로16길,율곡로16길
A,1000015,이화장길,이화장길
A,1000044,퇴계로12길,퇴계로12길
A,1000045,퇴계로18길,퇴계로18길
A,1000046,퇴계로46길,퇴계로46길
A,1000145,뚝섬로24길,뚝섬로24길
A,1000538,오목로3길,오목로3길
A,1000539,오목로5길,오목로5길
A,1000540,은행정로5길,은행정로5길
A,1000532,신목로5길,신목로5길
A,1000760,상도로61길,상도로61길
A,1000761,상도로62길,상도로62길
A,1000411,연서로5길,연서로5길
A,1000412,은평로10길,은평로10길
A,1000413,은평로13길,은평로13길
A,1000759,상도로47길,상도로47길
A,1000359,도봉로109길,도봉로109길
A,1000360,도봉로114길,도봉로114길
A,1000874,서초대로8길,서초대로8길
A,1000875,신반포로45길,신반포로45길
A,1000876,언남길,언남길
A,1000877,주흥15길,주흥15길
A,1000878,주흥길,주흥길
A,1000631,구로동로7길,구로동로7길
A,1000663,독산로64길,독산로64길
A,1000664,독산로70길,독산로70길
A,1000535,신월로20길,신월로20길
A,1000536,오목로23길,오목로23길
A,1000537,오목로30길,오목로30길
A,1000348,한천로130길,한천로130길
A,1000349,한천로132길,한천로132길
A,1000317,노해로33길,노해로33길
A,1000338,솔샘로65길,솔샘로65길
A,1000339,수유로12길,수유로12길
A,1000340,오패산로30길,오패산로30길
A,1000330,삼양로27길,삼양로27길
A,1000331,삼양로41길,삼양로41길
A,1000756,사당로8길,사당로8길
A,1000636,구로중앙로42길,구로중앙로42길
A,1000637,구로중앙로7길,구로중앙로7길
A,1000638,구로중앙로8길,구로중앙로8길
A,1000639,남부순환로97길,남부순환로97길
A,1000738,대방동2길,대방동2길
A,1000754,사당로2차길,사당로2차길
A,1000755,사당로30길,사당로30길
A,1000632,구로동로8길,구로동로8길
A,1000733,국사봉1길,국사봉1길
A,1000342,오패산로67길,오패산로67길
A,1000343,인수봉로56길,인수봉로56길
A,1000344,인수봉로72길,인수봉로72길
A,1000345,인수봉로79길,인수봉로79길
A,1000350,한천로139가길,한천로139가길
A,1000351,한천로140길,한천로140길
A,1000318,덕릉로40길,덕릉로40길
A,1000319,덕릉로41길,덕릉로41길
A,1000320,도봉로13길,도봉로13길
A,1000307,한천로101가길,한천로101가길
A,1000308,한천로76길,한천로76길
A,1000332,삼양로54길,삼양로54길
A,1000333,삼양로77길,삼양로77길
A,1000398,역말로9길,역말로9길
A,1000387,한글비석로24길,한글비석로24길
A,1000388,한글비석로44길,한글비석로44길
A,1000281,삼양로8길,삼양로8길
A,1000282,성북로8길,성북로8길
A,1000189,서울시립대로4길,서울시립대로4길
A,1000190,약령시로17길,약령시로17길
A,1000191,왕산로32길,왕산로32길
A,1000192,왕산로33길,왕산로33길
A,1000193,왕산로43길,왕산로43길
A,1000346,한천로109길,한천로109길
A,1000335,솔매로41길,솔매로41길
A,1000336,솔매로45길,솔매로45길
A,1000337,솔매로50길,솔매로50길
A,1000303,종암로24가길,종암로24가길
A,1000304,종암로5길,종암로5길
A,1000305,지봉로20길,지봉로20길
A,1000309,화랑로13길,화랑로13길
A,1000311,화랑로19길,화랑로19길
A,1000312,화랑로1길,화랑로1길
A,1000041,장충단로8길,장충단로8길
A,1000042,청구로17길,청구로17길
A,1000043,청구로1길,청구로1길
A,1000310,화랑로14길,화랑로14길
A,1000389,가좌로7길,가좌로7길
A,1000390,갈현로1길,갈현로1길
A,1000352,노해로60길,노해로60길
A,1000353,노해로63다길,노해로63다길
A,1000529,목동중앙서로7길,목동중앙서로7길
A,1000530,목동중앙서로8가길,목동중앙서로8가길
A,1000531,신목로2길,신목로2길
A,1000118,왕십리로26길,왕십리로26길
A,1000095,마조로16길,마조로16길
A,1000096,마조로1길,마조로1길
A,1000097,매봉길,매봉길
A,1000098,무수막길,무수막길
A,1000099,무학로6길,무학로6길
A,1000100,무학봉28길,무학봉28길
A,1000101,무학봉길,무학봉길
A,1000678,시흥대로62가길,시흥대로62가길
A,1000679,시흥대로63길,시흥대로63길
A,1000714,신길로17길,신길로17길
A,1000715,신길로39길,신길로39길
A,1000716,신길로42가길,신길로42가길
A,1000717,신길로42길,신길로42길
A,1000808,법원단지9길,법원단지9길
A,1000812,봉천로33길,봉천로33길
A,1000813,서림7길,서림7길
A,1000814,승방길,승방길
A,1000928,선릉로18길,선릉로18길
A,1000929,압구정로2길,압구정로2길
A,1000930,언주로81길,언주로81길
A,1000499,월드컵로16길,월드컵로16길
A,1000867,사평대로26길,사평대로26길
A,1000868,사평대로57길,사평대로57길
A,1000869,서초대로15길,서초대로15길
A,1000552,가로공원로76가길,가로공원로76가길
A,1000553,가로공원로80길,가로공원로80길
A,1000624,고척로52길,고척로52길
A,1000006,북촌로11길,북촌로11길
A,1000007,북촌로5길,북촌로5길
A,1000137,능동로13길,능동로13길
A,1000138,능동로19길,능동로19길
A,1000139,능동로34길,능동로34길
A,1000231,동일로123길,동일로123길
A,1000831,조원중앙로2길,조원중앙로2길
A,1000832,중앙길,중앙길
A,1000833,청룡8길,청룡8길
A,1000809,법원단지길,법원단지길
A,1000810,복은길,복은길
A,1000855,동광로39길,동광로39길
A,1000856,동산로10길,동산로10길
A,1000857,동산로19길,동산로19길
A,1000858,방배천로4안길,방배천로4안길
A,1000859,마방로2길,마방로2길
A,1000549,지양로7길,지양로7길
A,1000500,월드컵로19길,월드컵로19길
A,1000576,공항대로55길,공항대로55길
A,1000577,공항대로59길,공항대로59길
A,1000674,시흥대로150길,시흥대로150길
A,1000675,시흥대로153길,시흥대로153길
A,1000676,시흥대로22길,시흥대로22길
A,1000677,시흥대로36길,시흥대로36길
A,1000821,신림로65길,신림로65길
A,1000008,북촌로5나길,북촌로5나길
A,1000009,삼청로5길,삼청로5길
A,1000762,서달로10길,서달로10길
A,1000763,서달로14길,서달로14길
A,1000764,서달로15길,서달로15길
A,1000765,서달로8가길,서달로8가길
A,1000326,도봉로99길,도봉로99길
A,1000327,삼각산로28길,삼각산로28길
A,1000037,동호로20길,동호로20길
A,1000038,동호로8길,동호로8길
A,1000109,성수이로7길,성수이로7길
A,1000110,성수일로6길,성수일로6길
A,1000175,답십리로64길,답십리로64길
A,1000088,고산자로6길,고산자로6길
A,1000089,금호산2길,금호산2길
A,1000724,여의대방로43나길,여의대방로43나길
A,1000815,신림동길,신림동길
A,1000986,양재대로101길,양재대로101길
A,1000987,양재대로116길,양재대로116길
A,1000988,양재대로124길,양재대로124길
A,1000989,양재대로133길,양재대로133길
A,1000937,학동로56길,학동로56길
A,1000991,양재대로95길,양재대로95길
A,1000992,양재대로96길,양재대로96길
A,1000993,올림픽로48길,올림픽로48길
A,1000994,올림픽로71길,올림픽로71길
A,1000995,올림픽로77길,올림픽로77길
A,1000996,올림픽로78길,올림픽로78길
A,1000997,올림픽로80길,올림픽로80길
A,1000328,삼양로20길,삼양로20길
A,1000313,화랑로32길,화랑로32길
A,1000314,화랑로40길,화랑로40길
A,1000382,상계로12길,상계로12길
A,1000383,상계로1길,상계로1길
A,1000094,마장로39길,마장로39길
A,1000167,천호대로129길,천호대로129길
A,1000774,여의대방로46길,여의대방로46길
A,1000238,동일로163길,동일로163길
A,1000239,망우로68길,망우로68길
A,1000240,망우로73길,망우로73길
A,1000241,면목로21길,면목로21길
A,1000242,면목로33길,면목로33길
A,1000243,면목로45길,면목로45길
A,1000247,면목로56길,면목로56길
A,1000990,양재대로91길,양재대로91길
A,1000563,강서로5가길,강서로5가길
A,1000846,강남대로8길,강남대로8길
A,1000647,부일로1길,부일로1길
A,1000648,새말로18길,새말로18길
A,1000649,신도림로13길,신도림로13길
A,1000650,오류로8길,오류로8길
A,1000998,올림픽로98길,올림픽로98길
A,1000653,중앙로1길,중앙로1길
A,1000752,사당로26길,사당로26길
A,1000680,시흥대로68길,시흥대로68길
A,1000829,조원로10길,조원로10길
A,1000519,목동동로12길,목동동로12길
A,1000520,목동동로8길,목동동로8길
A,1000521,목동로19길,목동로19길
A,1000140,능동로3길,능동로3길
A,1000141,능동로4길,능동로4길
A,1000142,동일로18길,동일로18길
A,1000143,동일로24길,동일로24길
A,1000144,뚝섬로23길,뚝섬로23길
A,1000732,영신로9길,영신로9길
A,1000554,강서로15길,강서로15길
A,1000555,강서로17가길,강서로17가길
A,1000556,강서로18길,강서로18길
A,1000216,한천로40길,한천로40길
A,1000168,경희대로3길,경희대로3길
A,1000169,경희대로4길,경희대로4길
A,1000170,난계로30길,난계로30길
A,1000022,창신2길,창신2길
A,1000651,우마길,우마길
A,1000616,개봉로3길,개봉로3길
A,1000518,목동남로4길,목동남로4길
A,1000492,양화로1길,양화로1길
A,1000493,양화진길,양화진길
A,1000494,와우산로29가길,와우산로29가길
A,1000495,와우산로29길,와우산로29길
A,1000496,와우산로3길,와우산로3길
A,1000729,영등포로62길,영등포로62길
A,1000501,월드컵로25길,월드컵로25길
A,1000502,월드컵로36길,월드컵로36길
A,1000503,월드컵로7길,월드컵로7길
A,1000504,월드컵로8길,월드컵로8길
A,1000688,당산로31길,당산로31길
A,1000689,당산로37길,당산로37길
A,1000830,조원로18길,조원로18길
A,1000062,우사단로10길,우사단로10길
A,1000063,우사단로14길,우사단로14길
A,1000028,난계로11길,난계로11길
A,1000029,난계로21길,난계로21길
A,1000766,성대로1길,성대로1길
A,1000870,서초대로23길,서초대로23길
A,1000245,면목로49길,면목로49길
A,1000626,구로동로15길,구로동로15길
A,1000627,구로동로28길,구로동로28길
A,1000628,구로동로38길,구로동로38길
A,1000629,구로동로41길,구로동로41길
A,1000630,구로동로42길,구로동로42길
A,1000871,서초대로25길,서초대로25길
A,1000841,양지길,양지길
A,1000497,월드컵로10길,월드컵로10길
A,1000498,월드컵로11길,월드컵로11길
A,1000581,국회대로7길,국회대로7길
A,1000816,신림로11길,신림로11길
A,1000817,신림로28길,신림로28길
A,1000818,신림로38길,신림로38길
A,1000819,신림로48길,신림로48길
A,1000780,관악로10길,관악로10길
A,1000781,관악로14길,관악로14길
A,1000938,학동로6길,학동로6길
A,1000939,학동로77길,학동로77길
A,1000613,개봉로20길,개봉로20길
A,1000614,개봉로23가길,개봉로23가길
A,1000615,개봉로2길,개봉로2길
A,1000533,신목로6길,신목로6길
A,1000534,신월로15길,신월로15길
A,1000625,공원로6가길,공원로6가길
A,1000034,동호로10길,동호로10길
A,1000035,동호로11길,동호로11길
A,1000036,동호로15길,동호로15길
A,1000384,상계로9가길,상계로9가길
A,1000217,한천로46길,한천로46길
A,1000218,휘경로14길,휘경로14길
A,1000219,휘경로23길,휘경로23길
A,1000220,휘경로2길,휘경로2길
A,1000361,도봉로143길,도봉로143길
A,1000362,도봉로147길,도봉로147길
A,1000834,청룡길,청룡길
A,1000820,신림로64길,신림로64길
A,1000483,성미산로32길,성미산로32길
A,1000484,성산로4길,성산로4길
A,1000847,고무래로8길,고무래로8길
A,1000848,남부순환로317길,남부순환로317길
A,1000849,남부순환로325길,남부순환로325길
A,1000850,남부순환로339길,남부순환로339길
A,1000851,논현로1길,논현로1길
A,1001004,천호대로170길,천호대로170길
A,1001005,천호대로187길,천호대로187길
A,1000424,증산로17길,증산로17길
A,1000391,갈현로33길,갈현로33길
A,1000392,갈현로41길,갈현로41길
A,1000385,석계로1길,석계로1길
A,1000386,한글비석로22길,한글비석로22길
A,1000621,고척로21나길,고척로21나길
A,1000622,고척로27길,고척로27길
A,1000623,고척로27다길,고척로27다길
A,1000862,방배로18길,방배로18길
A,1000246,면목로55길,면목로55길
A,1000023,창신5길,창신5길
A,1000024,창신길,창신길
A,1000146,뚝섬로48길,뚝섬로48길
A,1000147,뚝섬로54길,뚝섬로54길
A,1000148,뚝섬로58길,뚝섬로58길
A,1000149,뚝섬로64길,뚝섬로64길
A,1000244,면목로48길,면목로48길
A,1000542,중앙로25길,중앙로25길
A,1000802,남현3길,남현3길
A,1000617,경인로15길,경인로15길
A,1000618,경인로31길,경인로31길
A,1000725,여의대방로61길,여의대방로61길
A,1000726,영등포로25길,영등포로25길
A,1000727,영등포로27길,영등포로27길
A,1000728,영등포로35길,영등포로35길
A,1000019,종로65길,종로65길
A,1000020,지봉로8길,지봉로8길
A,1000021,창경궁로35길,창경궁로35길
A,1000414,은평로20길,은평로20길
A,1000415,은평로3길,은평로3길
A,1000033,다산로39길,다산로39길
A,1000561,강서로47길,강서로47길
A,1000562,강서로47라길,강서로47라길
A,1000837,행운길,행운길
A,1000838,호암로20길,호암로20길
A,1000839,호암로24길,호암로24길
A,1000731,영등포로84길,영등포로84길
A,1000822,신사로20길,신사로20길
A,1000823,신원로3길,신원로3길
A,1000824,양녕로6길,양녕로6길
A,1000825,은천로25길,은천로25길
A,1000826,인헌길,인헌길
A,1000827,장군봉1길,장군봉1길
A,1000828,장군봉2길,장군봉2길
A,1000947,백제고분로33길,백제고분로33길
A,1000948,백제고분로34길,백제고분로34길
A,1000582,까치산로4길,까치산로4길
A,1000583,남부순환로11길,남부순환로11길
A,1000683,가마산로61길,가마산로61길
A,1000684,경인로77길,경인로77길
A,1000685,경인로80길,경인로80길
A,1000686,경인로90길,경인로90길
A,1000399,연서로11길,연서로11길
A,1000400,연서로13길,연서로13길
A,1000401,연서로16길,연서로16길
A,1000619,경인로35길,경인로35길
A,1000620,경인로47길,경인로47길
A,1000283,솔샘로6길,솔샘로6길
A,1000284,아리랑로4길,아리랑로4길
A,1000030,다산로33길,다산로33길
A,1000031,다산로36길,다산로36길
A,1000032,다산로38길,다산로38길
A,1000080,한강대로52길,한강대로52길
A,1000081,한강대로62길,한강대로62길
A,1000082,한강대로7길,한강대로7길
A,1000083,한강대로88길,한강대로88길
A,1000084,한남대로20길,한남대로20길
A,1000478,모래내로7길,모래내로7길
A,1000479,방울내로9안길,방울내로9안길
A,1000480,백범로16길,백범로16길
A,1000481,성미산로11길,성미산로11길
A,1000482,성미산로1길,성미산로1길
A,1000911,도산대로89길,도산대로89길
A,1000584,등촌로13길,등촌로13길
A,1000687,국회대로56길,국회대로56길
A,1000746,만양로8길,만양로8길
A,1001000,진황도로47길,진황도로47길
A,1001001,천중로39길,천중로39길
A,1001002,천중로51길,천중로51길
A,1001003,천호대로162길,천호대로162길
A,1000690,당산로38길,당산로38길
A,1000285,안암로5길,안암로5길
A,1000286,오패산로19길,오패산로19길
A,1000559,강서로45길,강서로45길
A,1000560,강서로45다길,강서로45다길
A,1000416,은평로8길,은평로8길
A,1000417,응암로12길,응암로12길
A,1000418,응암로13길,응암로13길
A,1000090,금호산길,금호산길
A,1000091,둘레9길,둘레9길
A,1000092,뚝섬로5길,뚝섬로5길
A,1000093,마장로27길,마장로27길
A,1000225,공릉로12가길,공릉로12가길
A,1000160,자양로26길,자양로26길
A,1000161,자양로45길,자양로45길
A,1000863,방배로35길,방배로35길
A,1000705,도신로60길,도신로60길
A,1000706,도신로62길,도신로62길
A,1000707,디지털로37길,디지털로37길
A,1000708,디지털로57길,디지털로57길
A,1000709,디지털로74길,디지털로74길
A,1000801,남현2길,남현2길
A,1000448,증가로20가길,증가로20가길
A,1000691,당산로46길,당산로46길
A,1000803,남현길,남현길
A,1000804,당곡길,당곡길
A,1000805,대학14길,대학14길
A,1000806,대학길,대학길
A,1000807,미성5길,미성5길
A,1000940,거마로20길,거마로20길
A,1000419,응암로14길,응암로14길
A,1000420,응암로22길,응암로22길
A,1000397,수색로18길,수색로18길
A,1000079,한강대로43길,한강대로43길
A,1000025,통일로12길,통일로12길
A,1000864,방배로42길,방배로42길
A,1000865,사임당로17길,사임당로17길
A,1000866,사평대로22길,사평대로22길
A,1000433,통일로87길,통일로87길
A,1000434,통일로92길,통일로92길
A,1000408,연서로34길,연서로34길
A,1000840,양산길,양산길
A,1000640,도림로12길,도림로12길
A,1000604,화곡로20길,화곡로20길
A,1000605,화곡로31길,화곡로31길
A,1000606,화곡로44나길,화곡로44나길
A,1000607,화곡로59길,화곡로59길
A,1000608,화곡로64길,화곡로64길
A,1000710,선유로55길,선유로55길
A,1000711,선유서로24길,선유서로24길
A,1000949,백제고분로39길,백제고분로39길
A,1000950,백제고분로42길,백제고분로42길
A,1000951,백제고분로45길,백제고분로45길
A,1000952,백제고분로46길,백제고분로46길
A,1000953,백제고분로50길,백제고분로50길
A,1000954,삼전로13길,삼전로13길
A,1000912,봉은사로109길,봉은사로109길
A,1000026,평창길,평창길
A,1000027,필운대로1길,필운대로1길
A,1000458,광성로6길,광성로6길
A,1000459,대흥로21길,대흥로21길
A,1000087,후암로28길,후암로28길
A,1000111,송정12라길,송정12라길
A,1000112,송정4가길,송정4가길
A,1000113,아차산로11길,아차산로11길
A,1000114,아차산로15길,아차산로15길
A,1000115,아차산로5길,아차산로5길
A,1000116,왕십리로14길,왕십리로14길
A,1000117,왕십리로21길,왕십리로21길
A,1000775,장승배기로10길,장승배기로10길
A,1000642,디지털로27길,디지털로27길
A,1000643,디지털로32가길,디지털로32가길
A,1000644,디지털로32길,디지털로32길
A,1000645,부일로11길,부일로11길
A,1000646,부일로15길,부일로15길
A,1000745,만양로14길,만양로14길
A,1000713,선유서로28길,선유서로28길
A,1000776,장승배기로19길,장승배기로19길
A,1000777,장승배기로27길,장승배기로27길
A,1000778,흑석로13길,흑석로13길
A,1000779,흑석로9길,흑석로9길
A,1000886,강남대로118길,강남대로118길
A,1000887,강남대로136길,강남대로136길
A,1000888,강남대로140길,강남대로140길
A,1000811,봉천로13길,봉천로13길
A,1000004,명륜길,명륜길
A,1000005,백석동길,백석동길
A,1000287,오패산로3길,오패산로3길
A,1000432,통일로78길,통일로78길
A,1000195,장한로14길,장한로14길
A,1000085,회나무로13길,회나무로13길
A,1000086,효창원로39길,효창원로39길
A,1000196,장한로25길,장한로25길
A,1000134,긴고랑로7길,긴고랑로7길
A,1000135,긴고랑로8길,긴고랑로8길
A,1000136,긴고랑로9길,긴고랑로9길
A,1000585,등촌로39길,등촌로39길
A,1000586,등촌로51길,등촌로51길
A,1000587,등촌로55길,등촌로55길
A,1000588,등촌로5길,등촌로5길
A,1000589,방화대로21길,방화대로21길
A,1000590,방화대로6라길,방화대로6라길
A,1000574,공항대로38길,공항대로38길
A,1000575,공항대로42길,공항대로42길
A,1000692,대림로22길,대림로22길
A,1000693,대림로29길,대림로29길
A,1000694,대림로31길,대림로31길
A,1000695,대림로34길,대림로34길
A,1000696,대림로44길,대림로44길
A,1000550,화곡로3길,화곡로3길
A,1000551,화곡로4길,화곡로4길
A,1000321,도봉로18길,도봉로18길
A,1000322,도봉로45길,도봉로45길
A,1000323,도봉로67길,도봉로67길
A,1000324,도봉로76길,도봉로76길
A,1000325,도봉로8길,도봉로8길
A,1000421,응암로34길,응암로34길
A,1000461,도화4길,도화4길
A,1000162,자양로50길,자양로50길
A,1000163,자양로53길,자양로53길
A,1000164,자양번영로3길,자양번영로3길
A,1000165,천호대로109길,천호대로109길
A,1000166,천호대로123길,천호대로123길
A,1000132,광나루로52길,광나루로52길
A,1000301,종암로19길,종암로19길
A,1000854,동광로1길,동광로1길
A,1000449,증가로23나길,증가로23나길
A,1000450,증가로6길,증가로6길
A,1000451,충정로4길,충정로4길
A,1000452,충정로6길,충정로6길
A,1000453,통일로11길,통일로11길
A,1000454,통일로37길,통일로37길
A,1000455,통일로39길,통일로39길
A,1000456,홍연길,홍연길
A,1000457,홍제내길,홍제내길
A,1000485,성지3길,성지3길
A,1000486,숭문8길,숭문8길
A,1000487,숭문길,숭문길
A,1000462,도화길,도화길
A,1000463,독막로22길,독막로22길
A,1000464,독막로32길,독막로32길
A,1000465,독막로8길,독막로8길
A,1000466,동교로17길,동교로17길
A,1000001,계동길,계동길
A,1000002,난계로27길,난계로27길
A,1000003,돈화문로11가길,돈화문로11가길
A,1000409,연서로3길,연서로3길
A,1000410,연서로41길,연서로41길
A,1000393,갈현로7길,갈현로7길
A,1000394,불광천길,불광천길
A,1000395,서오릉로21길,서오릉로21길
A,1000396,서오릉로8길,서오릉로8길
A,1000985,암사길,암사길
A,1000788,낙성대역길,낙성대역길
A,1000789,난곡로24길,난곡로24길
A,1000790,난곡로26길,난곡로26길
A,1000791,난곡로34길,난곡로34길
A,1000792,난곡로74길,난곡로74길
A,1000913,봉은사로29길,봉은사로29길
A,1000914,봉은사로43길,봉은사로43길
A,1000915,봉은사로57길,봉은사로57길
A,1000916,봉은사로68길,봉은사로68길
A,1000917,삼성로115길,삼성로115길
A,1000918,삼성로147길,삼성로147길
A,1000919,삼성로57길,삼성로57길
A,1000652,중앙로15길,중앙로15길
D,1001034,서울 서초구 방배역,서울 서초구 방배역
D,1001035,매봉역,매봉역
D,1001036,문정역,문정역
D,1001037,양재역,양재역
D,1001072,신대방삼거리역,신대방삼거리역
D,1001063,교대역_4,교대역
D,1001064,대림역_1,대림역
D,1001065,은마아파트입구사거리_1,은마아파트입구사거리
D,1001124,서울 영등포구 영등포시장역,서울 영등포구 영등포시장역
D,1001125,학동사거리_2,학동사거리
D,1001126,서울 양천구 신정네거리역_2,서울 양천구 신정네거리역
D,1001127,서울 영등포구 여의도역_1,서울 영등포구 여의도역
D,1001128,청담사거리_1,청담사거리
D,1001129,청담사거리_2,청담사거리
D,1001130,청담역_1,청담역
D,1001131,청담역_2,청담역
D,1001132,영등포유통상가,영등포유통상가
D,1001133,청담사거리_3,청담사거리
D,1001134,서울 영등포구 여의도역_2,서울 영등포구 여의도역
R,1001378,아현가구거리상점가,아현가구거리상점가
R,1001430,영등포전통시장,영등포전통시장
R,1001431,영등포청과시장,영등포청과시장
R,1001432,도림시장,도림시장
R,1001433,영일시장,영일시장
R,1001434,양남시장,양남시장
R,1001435,대신시장,대신시장
R,1001436,사러가시장,사러가시장
R,1001455,봉일시장,봉일시장
R,1001456,봉천현대시장,봉천현대시장
R,1001457,봉천중앙시장,봉천중앙시장
R,1001458,인헌시장,인헌시장
A,1000302,종암로21길,종암로21길
A,1000259,용마산로94길,용마산로94길
A,1000260,중랑천로10길,중랑천로10길
A,1000261,길음로7길,길음로7길
A,1000262,돌곶이로14길,돌곶이로14길
A,1000263,돌곶이로22길,돌곶이로22길
A,1000402,연서로17길,연서로17길
D,1001135,신사동 가로수길,신사동 가로수길
D,1001136,오목교역,오목교역
D,1001137,서울 강동구 둔촌동역,서울 강동구 둔촌동역
D,1001138,압구정 로데오거리_1,압구정 로데오거리
D,1001139,서울 영등포구 영등포구청역,서울 영등포구 영등포구청역
D,1001140,서울 강남구 압구정역,서울 강남구 압구정역
D,1001233,서울 종로구 종로3가역_3,서울 종로구 종로가역
D,1001234,서울 종로구 경복궁역_1,서울 종로구 경복궁역
D,1001235,서울 종로구 안국역_1,서울 종로구 안국역
D,1001236,서울 종로구 안국역_2,서울 종로구 안국역
D,1001237,서울 종로구 경복궁역_2,서울 종로구 경복궁역
D,1001238,서울 동대문구 청량리역,서울 동대문구 청량리역
D,1001239,디지털미디어시티,디지털미디어시티
D,1001240,혜화역 대학로_1,혜화역 대학로
R,1001459,신원시장,신원시장
R,1001392,동진시장,동진시장
R,1001393,마포농수산물시장,마포농수산물시장
R,1001379,인왕시장,인왕시장
R,1001380,포방터시장,포방터시장
R,1001381,모래내시장,모래내시장
R,1001382,백련시장,백련시장
R,1001383,공덕시장,공덕시장
R,1001384,마포시장,마포시장
R,1001385,아현시장,아현시장
R,1001386,신수시장,신수시장
R,1001387,서교시장,서교시장
R,1001388,영진시장,영진시장
R,1001389,합정시장,합정시장
R,1001390,망원시장,망원시장
A,1000074,청파로47나길,청파로47나길
A,1000075,청파로71길,청파로71길
A,1000076,청파로73길,청파로73길
A,1000159,자양로15길,자양로15길
A,1000125,한림말3길,한림말3길
A,1000126,한림말길,한림말길
A,1000127,광나루로12길,광나루로12길
D,1001141,압구정 로데오거리_2,압구정 로데오거리
D,1001142,국회의사당역_1,국회의사당역
D,1001143,서울 용산구 신용산역,서울 용산구 신용산역
D,1001144,국회의사당역_2,국회의사당역
D,1001145,용산 전자상가_1,용산 전자상가
D,1001146,용산구청,용산구청
D,1001147,용산 전자상가_2,용산 전자상가
D,1001148,목동사거리,목동사거리
D,1001149,한남오거리,한남오거리
D,1001241,혜화역 대학로_2,혜화역 대학로
D,1001242,혜화역 대학로_3,혜화역 대학로
D,1001243,서울 성북구 안암역,서울 성북구 안암역
D,1001244,경희대학교,경희대학교
D,1001245,서울 성북구 성신여대입구역,서울 성북구 성신여대입구역
D,1001246,미아사거리_1,미아사거리
D,1001204,서울 중구 을지로3가역_1,서울 중구 을지로가역
D,1001205,동대문역사문화공원역,동대문역사문화공원역
D,1001157,서울 강동구 천호역_1,서울 강동구 천호역
R,1001391,망원월드컵시장,망원월드컵시장
R,1001403,신월7동골목시장,신월동골목시장
R,1001404,신정제일시장,신정제일시장
R,1001405,신정2동골목시장,신정동골목시장
R,1001406,신정3동골목시장,신정동골목시장
R,1001394,목2동시장,목동시장
R,1001395,목3동시장,목동시장
R,1001271,동묘시장,동묘시장
R,1001359,창동신창시장,창동신창시장
R,1001360,창동골목시장,창동골목시장
R,1001361,신도봉시장,신도봉시장
A,1000403,연서로21길,연서로21길
A,1000404,연서로27길,연서로27길
A,1000405,연서로28길,연서로28길
A,1000406,연서로29길,연서로29길
A,1000407,연서로33길,연서로33길
A,1000425,증산로21길,증산로21길
A,1000047,퇴계로56길,퇴계로56길
D,1001150,서울 용산구 이태원역,서울 용산구 이태원역
D,1001151,용산 전자상가_3,용산 전자상가
D,1001152,서울 광진구 강변역,서울 광진구 강변역
D,1001153,당산역_1,당산역
D,1001154,용산 전자상가_4,용산 전자상가
D,1001155,용산 전자상가_5,용산 전자상가
D,1001156,서울 강동구 길동역,서울 강동구 길동역
D,1001120,도산공원사거리_1,도산공원사거리
D,1001158,당산역_2,당산역
D,1001159,서울 강동구 천호역,서울 강동구 천호역
D,1001209,서울시청,서울시청
D,1001210,시청역_2,시청역
D,1001211,동대문시장_1,동대문시장
D,1001212,서대문구 서대문역_1,서대문구 서대문역
D,1001213,종각역 젊음의 거리,종각역 젊음의 거리
D,1001214,종각역,종각역
D,1001215,서울 종로구 광화문역_1,서울 종로구 광화문역
D,1001216,서울 종로구 종로3가역_1,서울 종로구 종로가역
R,1001362,백운시장,백운시장
R,1001363,쌍문역골목시장,쌍문역골목시장
R,1001364,방학동도깨비시장,방학동도깨비시장
R,1001365,공릉동도깨비시장,공릉동도깨비시장
R,1001366,상계시장,상계시장
R,1001367,상계중앙시장,상계중앙시장
R,1001399,경창시장,경창시장
R,1001400,신월3동골목시장,신월동골목시장
R,1001401,신곡종합시장,신곡종합시장
R,1001402,신월6동골목시장,신월동골목시장
R,1001481,명일골목시장,명일골목시장
A,1000128,광나루로24길,광나루로24길
A,1000129,광나루로36길,광나루로36길
A,1000130,광나루로37길,광나루로37길
A,1000131,광나루로40길,광나루로40길
A,1000048,퇴계로8길,퇴계로8길
A,1000049,퇴계로90길,퇴계로90길
A,1000050,녹사평대로11길,녹사평대로11길
A,1000051,녹사평대로26길,녹사평대로26길
D,1001121,영등포역_3,영등포역
D,1001122,여의도 시범아파트앞,여의도 시범아파트앞
D,1001081,서울 강남구 역삼역_2,서울 강남구 역삼역
D,1001160,서울 광진구 구의역,서울 광진구 구의역
D,1001161,건대입구역,건대입구역
D,1001162,서울 광진구 건대입구역_1,서울 광진구 건대입구역
D,1001163,서울 강동구 천호역_2,서울 강동구 천호역
D,1001164,서울 마포구 마포역_1,서울 마포구 마포역
D,1001193,장한평역_1,장한평역
D,1001194,서울 강서구 발산역,서울 강서구 발산역
D,1001195,왕십리역_2,왕십리역
D,1001196,시청역_1,시청역
D,1001247,미아사거리_2,미아사거리
D,1001248,서울 은평구 불광역_1,서울 은평구 불광역
D,1001218,동대문시장_2,동대문시장
D,1001219,서울 종로구 동대문역_1,서울 종로구 동대문역
D,1001249,서울 은평구 불광역_2,서울 은평구 불광역
D,1001250,서울 은평구 불광역_3,서울 은평구 불광역
R,1001343,장위전통시장,장위전통시장
R,1001344,번동시장,번동시장
R,1001345,새석관시장,새석관시장
R,1001346,석관시장,석관시장
R,1001347,석관황금시장,석관황금시장
R,1001352,번동북부골목시장,번동북부골목시장
R,1001353,수유전통시장,수유전통시장
R,1001342,밤나무골시장,밤나무골시장
R,1001354,우이시장,우이시장
R,1001355,강북종합시장,강북종합시장
R,1001356,수유중앙시장,수유중앙시장
A,1000052,녹사평대로32길,녹사평대로32길
A,1000053,녹사평대로40나길,녹사평대로40나길
A,1000054,녹사평대로46길,녹사평대로46길
A,1000055,대사관로34길,대사관로34길
A,1000133,긴고랑로20길,긴고랑로20길
A,1000201,장한로5길,장한로5길
A,1000202,장한로8길,장한로8길
A,1000203,전농로29길,전농로29길
D,1001197,장한평역_2,장한평역
D,1001198,서울 강서구 송정역,서울 강서구 송정역
D,1001168,남영역,남영역
D,1001169,서울 용산구 숙대입구역,서울 용산구 숙대입구역
D,1001170,공덕역,공덕역
D,1001171,서울 마포구 공덕역_2,서울 마포구 공덕역
D,1001172,어린이대공원역,어린이대공원역
D,1001251,서울 강북구 미아삼거리역_1,서울 강북구 미아삼거리역
D,1001220,서울 종로구 동대문역_2,서울 종로구 동대문역
D,1001221,장안동사거리,장안동사거리
D,1001222,동묘앞역,동묘앞역
D,1001223,서울 종로구 광화문역_2,서울 종로구 광화문역
D,1001224,서울 동대문구 신설동역_1,서울 동대문구 신설동역
D,1001225,신설동역,신설동역
R,1001357,장미원골목시장,장미원골목시장
R,1001358,수유북부시장,수유북부시장
R,1001348,동북시장,동북시장
R,1001349,방천골목시장,방천골목시장
R,1001350,숭인시장,숭인시장
R,1001351,솔샘시장,솔샘시장
R,1001409,화곡중앙골목시장,화곡중앙골목시장
R,1001410,대원종합시장,대원종합시장
R,1001411,남부골목시장,남부골목시장
R,1001471,영동전통시장,영동전통시장
R,1001472,논현종합시장,논현종합시장
R,1001473,청담삼익시장,청담삼익시장
A,1000204,전농로3길,전농로3길
A,1000205,전농로4길,전농로4길
A,1000206,제기로21길,제기로21길
A,1000264,돌곶이로27길,돌곶이로27길
A,1000265,돌곶이로28길,돌곶이로28길
A,1000266,돌곶이로41길,돌곶이로41길
D,1001173,서울 강동구 명일역,서울 강동구 명일역
D,1001174,등촌역,등촌역
D,1001175,서울 강동구 고덕역,서울 강동구 고덕역
D,1001176,서울 중구 약수역_1,서울 중구 약수역
D,1001177,서울 중구 약수역_2,서울 중구 약수역
D,1001178,서울 마포구 홍대입구역_1,서울 마포구 홍대입구역
D,1001179,강서구청,강서구청
D,1001180,신촌역,신촌역
D,1001191,왕십리역_1,왕십리역
D,1001226,서울 종로구 종로5가역_2,서울 종로구 종로가역
D,1001227,종로구청,종로구청
D,1001228,서울 종로구 종로5가역_3,서울 종로구 종로가역
D,1001229,서울 종로구 종로5가역_4,서울 종로구 종로가역
D,1001230,인사동,인사동
D,1001182,홍익대학교 주변,홍익대학교 주변
R,1001483,암사종합시장,암사종합시장
R,1001484,양지골목시장,양지골목시장
R,1001485,고분다리골목시장,고분다리골목시장
R,1001486,동서울시장,동서울시장
R,1001487,천호시장,천호시장
R,1001488,성내골목시장,성내골목시장
R,1001489,둔촌역전통시장,둔촌역전통시장
R,1001339,정릉아리랑시장,정릉아리랑시장
R,1001482,고덕전통시장,고덕전통시장
R,1001340,정릉시장,정릉시장
R,1001341,길음시장,길음시장
A,1000267,돌곶이로8길,돌곶이로8길
A,1000268,동소문로13길,동소문로13길
A,1000269,동소문로15길,동소문로15길
A,1000270,동소문로26가길,동소문로26가길
A,1000271,동소문로2길,동소문로2길
A,1000272,동소문로6길,동소문로6길
A,1000426,증산로5길,증산로5길
A,1000427,증산로9길,증산로9길
D,1001192,서울 중구 충무로역_1,서울 중구 충무로역
D,1001199,서울 중구 충무로역_2,서울 중구 충무로역
D,1001200,북창동,북창동
D,1001201,서울 중구 신당역_1,서울 중구 신당역
D,1001202,롯데백화점,롯데백화점
D,1001203,명동거리,명동거리
D,1001231,서울 동대문구 신설동역_2,서울 동대문구 신설동역
D,1001232,서울 종로구 종로3가역_2,서울 종로구 종로가역
D,1001183,서울 마포구 홍대입구역_2,서울 마포구 홍대입구역
D,1001184,서울 마포구 홍대입구역_3,서울 마포구 홍대입구역
D,1001185,서울 서대문구 신촌역,서울 서대문구 신촌역
D,1001186,서울 서대문구 이대역,서울 서대문구 이대역
D,1001187,한양시장,한양시장
D,1001188,장충동 족발거리,장충동 족발거리
D,1001189,서울 중구 명동역,서울 중구 명동역
D,1001190,장한평역,장한평역
A,1000229,동일로101길,동일로101길
A,1000230,동일로112길,동일로112길
A,1000757,상도로15길,상도로15길
A,1000758,상도로37길,상도로37길
A,1000860,바우뫼로39길,바우뫼로39길
A,1000861,반포대로9길,반포대로9길
A,1000526,목동중앙본로7길,목동중앙본로7길
A,1000428,증산서길,증산서길
A,1000429,진흥로12길,진흥로12길
A,1000430,진흥로1길,진흥로1길
A,1000431,통일로69길,통일로69길
A,1000056,두텁바위로1길,두텁바위로1길
D,1001073,서울 강남구 역삼역_1,서울 강남구 역삼역
D,1001074,대림역_2,대림역
D,1001075,역삼역_2,역삼역
D,1001076,구로역,구로역
D,1001077,선릉역_1,선릉역
D,1001078,서울 강남구 강남역_2,서울 강남구 강남역
D,1001079,석촌역,석촌역
D,1001080,서울 송파구 석촌역_1,서울 송파구 석촌역
D,1001105,서울 동작구 노량진역,서울 동작구 노량진역
D,1001206,서대문구 서대문역_2,서대문구 서대문역
D,1001207,서울 중구 신당역_2,서울 중구 신당역
D,1001208,서울 중구 을지로3가역_2,서울 중구 을지로가역
D,1001252,서울 강북구 미아삼거리역_2,서울 강북구 미아삼거리역
D,1001253,서울 은평구 연신내역_1,서울 은평구 연신내역
D,1001254,서울 은평구 연신내역_2,서울 은평구 연신내역
D,1001256,서울 강북구 수유역_1,서울 강북구 수유역
D,1001257,서울 강북구 수유역_2,서울 강북구 수유역
D,1001258,등나무근린공원 주변,등나무근린공원 주변
A,1000017,종로24길,종로24길
A,1000018,종로58가길,종로58가길
A,1000734,국사봉2길,국사봉2길
A,1000735,국사봉길,국사봉길
A,1000736,노량진로6길,노량진로6길
A,1000737,대방동27길,대방동27길
A,1000016,자하문로7길,자하문로7길
A,1000557,강서로29길,강서로29길
A,1000558,강서로35길,강서로35길
A,1000057,백범로79길,백범로79길
A,1000058,백범로90길,백범로90길
A,1000059,서빙고로71길,서빙고로71길
A,1000060,소월로20길,소월로20길
A,1000061,신흥로20길,신흥로20길
A,1000207,제기로5길,제기로5길
A,1000208,천장산로7길,천장산로7길
A,1000209,천호대로12길,천호대로12길
D,1001107,방이동 먹자골목,방이동 먹자골목
D,1001108,학동역,학동역
D,1001109,강남구 논현역_4,강남구 논현역
D,1001110,잠실역,잠실역
D,1001111,서울 강남구 강남구청역_1,서울 강남구 강남구청역
D,1001112,서울 강남구 학동역_3,서울 강남구 학동역
D,1001113,서울 동작구 노량진1동_1,서울 동작구 노량진동
D,1001106,서울 강남구 학동역_2,서울 강남구 학동역
D,1001114,강남구 신사역_1,강남구 신사역
D,1001260,창동역,창동역
D,1001261,서울 노원구 노원역_1,서울 노원구 노원역
D,1001262,서울 노원구 노원역_2,서울 노원구 노원역
D,1001263,서울 노원구 노원역_3,서울 노원구 노원역
D,1001217,서울 종로구 종로5가역_1,서울 종로구 종로가역
D,1001255,서울 은평구 연신내역_3,서울 은평구 연신내역
D,1001259,서울 강북구 수유역_3,서울 강북구 수유역
R,1001310,구의시장,구의시장
R,1001322,동부시장,동부시장
R,1001323,답십리시장,답십리시장
R,1001324,전곡시장,전곡시장
R,1001325,청량리청과물시장,청량리청과물시장
A,1000541,은행정로7길,은행정로7길
A,1000767,성대로29길,성대로29길
A,1000768,신대방길,신대방길
A,1000769,양녕로26길,양녕로26길
A,1000422,증산로13길,증산로13길
A,1000423,증산로15길,증산로15길
A,1000210,천호대로17길,천호대로17길
A,1000211,천호대로45길,천호대로45길
A,1000221,휘경로3길,휘경로3길
A,1000289,인촌로17가길,인촌로17가길
A,1000290,인촌로1길,인촌로1길
A,1000291,개운사길,개운사길
A,1000292,인촌로24길,인촌로24길
D,1001115,서울 강남구 강남구청역_2,서울 강남구 강남구청역
D,1001116,영등포역_1,영등포역
D,1001117,강남구 신사역_2,강남구 신사역
D,1001118,문래동 주민센터,문래동 주민센터
D,1001119,영등포역_2,영등포역
D,1001082,선릉역_2,선릉역
D,1001083,서울 송파구 석촌역_2,서울 송파구 석촌역
D,1001084,서울 강남구 선릉역_1,서울 강남구 선릉역
R,1001326,회기시장,회기시장
R,1001327,이경시장,이경시장
R,1001328,이문제일시장,이문제일시장
R,1001329,동부골목시장,동부골목시장
R,1001330,동원시장,동원시장
R,1001331,면목골목시장,면목골목시장
R,1001285,합동(새벽)시장,합동(새벽)시장
R,1001294,마장축산물시장,마장축산물시장
R,1001295,행당시장,행당시장
R,1001296,금남시장,금남시장
R,1001297,뚝도시장,뚝도시장
A,1000370,방학로15길,방학로15길
A,1000371,방학로5길,방학로5길
A,1000372,방학로6가길,방학로6가길
A,1000373,삼양로144길,삼양로144길
A,1000374,시루봉로23길,시루봉로23길
A,1000369,방학로10길,방학로10길
A,1000375,우이천로32길,우이천로32길
A,1000293,인촌로5길,인촌로5길
A,1000294,인촌로6길,인촌로6길
A,1000212,천호대로77길,천호대로77길
A,1000213,천호대로97길,천호대로97길
A,1000214,한천로14길,한천로14길
A,1000215,한천로33길,한천로33길
A,1000273,보국문로16길,보국문로16길
A,1000274,보문로13길,보문로13길
D,1001085,서울 서초구 강남역,서울 서초구 강남역
D,1001086,고속터미널역,고속터미널역
D,1001087,서울 강남구 선릉역_2,서울 강남구 선릉역
D,1001088,삼성역_1,삼성역
D,1001066,서울 강남구 강남역,서울 강남구 강남역
D,1001067,오류동역,오류동역
D,1001068,은마아파트입구사거리_2,은마아파트입구사거리
R,1001298,성동용답상가시장,성동용답상가시장
R,1001311,동부청과시장,동부청과시장
R,1001312,용두시장,용두시장
R,1001313,청량리수산시장,청량리수산시장
R,1001314,경동시장,경동시장
R,1001315,동서시장,동서시장
R,1001316,서울약령시장,서울약령시장
R,1001317,청량리농수산물시장,청량리농수산물시장
R,1001318,청량리전통시장,청량리전통시장
R,1001319,청량리종합시장,청량리종합시장
R,1001320,전농로터리시장,전농로터리시장
R,1001321,답십리현대시장,답십리현대시장
R,1001299,한아름시장,한아름시장
A,1000277,보문로32길,보문로32길
A,1000278,삼선교로10길,삼선교로10길
A,1000279,삼선교로10다길,삼선교로10다길
A,1000280,삼선교로16가길,삼선교로16가길
A,1000064,우사단로4길,우사단로4길
A,1000065,원효로19길,원효로19길
A,1000066,원효로41길,원효로41길
A,1000275,보문로26길,보문로26길
A,1000276,보문로31길,보문로31길
D,1001045,동작구 총신대입구역_1,동작구 총신대입구역
D,1001046,서울 관악구 신림역_4,서울 관악구 신림역
D,1001047,뱅뱅사거리_1,뱅뱅사거리
D,1001048,뱅뱅사거리,뱅뱅사거리
D,1001049,개봉동 현대아파트 인근,개봉동 현대아파트 인근
D,1001050,교대역_1,교대역
D,1001069,은마아파트입구사거리_3,은마아파트입구사거리
D,1001070,은마아파트입구사거리_4,은마아파트입구사거리
D,1001071,서울 강남구 한티역,서울 강남구 한티역
D,1001165,서울 광진구 건대입구역_2,서울 광진구 건대입구역
D,1001166,서울 마포구 마포역_2,서울 마포구 마포역
D,1001167,서울 마포구 공덕역_1,서울 마포구 공덕역
D,1001089,삼정역_1,삼정역
D,1001090,삼정역_2,삼정역
D,1001091,삼성역_2,삼성역
R,1001300,화양제일골목시장,화양제일골목시장
R,1001301,중곡제일시장,중곡제일시장
R,1001302,면곡골목시장,면곡골목시장
R,1001303,신성골목시장,신성골목시장
R,1001304,자양골목시장,자양골목시장
R,1001305,자양종합시장,자양종합시장
R,1001306,노룬산골목시장,노룬산골목시장
R,1001307,능동로골목시장,능동로골목시장
R,1001308,영동교골목시장,영동교골목시장
R,1001273,남대문시장,남대문시장
R,1001274,신중부시장,신중부시장
R,1001275,인현시장,인현시장
R,1001276,평화시장,평화시장
A,1000067,원효로53길,원효로53길
A,1000068,원효로89길,원효로89길
A,1000069,이촌로22길,이촌로22길
A,1000070,이태원로27길,이태원로27길
A,1000152,아차산로51길,아차산로51길
A,1000153,아차산로55길,아차산로55길
A,1000154,아차산로65길,아차산로65길
D,1001051,보라매공원,보라매공원
D,1001052,뱅뱅사거리_2,뱅뱅사거리
D,1001053,서울 강남구 대치역_1,서울 강남구 대치역
D,1001022,관악구 사당역_2,관악구 사당역
D,1001023,가산디지털단지역_2,가산디지털단지역
D,1001024,관악구 사당역_1,관악구 사당역
D,1001025,서울 관악구 서울대입구역_1,서울 관악구 서울대입구역
D,1001026,구로디지털단지역,구로디지털단지역
D,1001092,강남구 논현역_1,강남구 논현역
D,1001093,신천역,신천역
D,1001094,선정릉역_1,선정릉역
D,1001095,강남구 논현역_2,강남구 논현역
D,1001096,신도림역,신도림역
D,1001097,잠실역 롯데월드,잠실역 롯데월드
R,1001277,방산종합시장,방산종합시장
R,1001264,통인시장,통인시장
R,1001265,광장시장,광장시장
R,1001266,동대문종합시장,동대문종합시장
R,1001267,종로신진시장,종로신진시장
R,1001268,충신시장,충신시장
R,1001269,동문시장,동문시장
R,1001270,창신골목시장,창신골목시장
R,1001272,신설종합시장,신설종합시장
R,1001286,후암시장,후암시장
R,1001287,신흥시장,신흥시장
R,1001288,만리시장,만리시장
R,1001289,용문전통시장,용문전통시장
R,1001290,이촌종합시장,이촌종합시장
R,1001291,이태원시장,이태원시장
A,1000155,아차산로78길,아차산로78길
A,1000156,용마산로21길,용마산로21길
A,1000157,용마산로3길,용마산로3길
A,1000158,자양로11길,자양로11길
A,1000295,장월로1길,장월로1길
A,1000296,장위로50길,장위로50길
A,1000297,정릉로26길,정릉로26길
D,1001027,가산디지털단지역_3,가산디지털단지역
D,1001028,서울 관악구 서울대입구역_2,서울 관악구 서울대입구역
D,1001029,양재역_1,양재역
D,1001011,서울 금천구 시흥1동_4,서울 금천구 시흥동
D,1001012,양재 화물트럭터미널앞_1,양재 화물트럭터미널앞
D,1001013,양재 화물트럭터미널앞_2,양재 화물트럭터미널앞
D,1001014,양재동 꽃시장,양재동 꽃시장
D,1001015,서울 금천구 독산1동_1,서울 금천구 독산동
D,1001016,서울 관악구 대학동_1,서울 관악구 대학동
D,1001098,포스코사거리_1,포스코사거리
D,1001099,포스코사거리_2,포스코사거리
D,1001100,강남구 논현역_3,강남구 논현역
D,1001101,선정릉역_2,선정릉역
D,1001102,서울 강남구 학동역_1,서울 강남구 학동역
D,1001103,코엑스,코엑스
D,1001104,삼성역_3,삼성역
D,1001054,서울 강남구 대치역_2,서울 강남구 대치역
D,1001055,서울 서초구 서초역,서울 서초구 서초역
D,1001056,서울 송파구 가락시장역,서울 송파구 가락시장역
R,1001292,이태원제일시장,이태원제일시장
R,1001293,보광시장,보광시장
R,1001278,남평화시장,남평화시장
R,1001279,동평화시장,동평화시장
R,1001280,제일평화시장,제일평화시장
R,1001281,청평화시장,청평화시장
R,1001282,약수시장,약수시장
R,1001283,백학시장,백학시장
R,1001284,서울중앙시장,서울중앙시장
R,1001309,조양시장,조양시장
R,1001368,연서시장,연서시장
R,1001369,갈현시장,갈현시장
R,1001370,역촌중앙시장,역촌중앙시장
R,1001371,대조시장,대조시장
A,1000377,해등로16길,해등로16길
A,1000378,공릉로58길,공릉로58길
A,1000298,정릉로27길,정릉로27길
A,1000299,정릉로8길,정릉로8길
A,1000300,종암로16길,종암로16길
A,1000376,우이천로4다길,우이천로4다길
D,1001017,관악구 사당역_3,관악구 사당역
D,1001018,포이사거리_2,포이사거리
D,1001019,포이사거리_1,포이사거리
D,1001020,장지역,장지역
D,1001021,가산디지털단지역_1,가산디지털단지역
D,1001038,구로디지탈1단지,구로디지탈단지
D,1001039,서울 서초구 남부터미널역_2,서울 서초구 남부터미널역
D,1001040,서울 관악구 신림역_3,서울 관악구 신림역
D,1001041,서울 강남구 수서역,서울 강남구 수서역
D,1001057,교대역_2,교대역
D,1001058,역삼역_1,역삼역
D,1001059,교대역_3,교대역
D,1001060,가락시장,가락시장
D,1001061,방배동카페골목,방배동카페골목
D,1001062,서울 강남구 강남역_1,서울 강남구 강남역
D,1001181,서울 광진구 군자역,서울 광진구 군자역
D,1001123,학동사거리_1,학동사거리
R,1001490,길동복조리시장,길동복조리시장
R,1001332,사가정시장,사가정시장
R,1001333,중화제일시장,중화제일시장
R,1001334,태능시장,태능시장
R,1001335,묵1동도깨비시장,묵동도깨비시장
R,1001336,우림골목시장,우림골목시장
R,1001337,유영시장,유영시장
R,1001338,돈암제일시장,돈암제일시장
R,1001377,영천시장,영천시장
A,1000379,동일로173가길,동일로173가길
A,1000380,동일로192길,동일로192길
A,1000381,동일로242길,동일로242길
A,1000071,이태원로54길,이태원로54길
A,1000072,장문로45길,장문로45길
A,1000073,청파로47길,청파로47길
D,1001042,서울 서초구 남부터미널역_3,서울 서초구 남부터미널역
D,1001043,동작구 총신대입구역_2,동작구 총신대입구역
D,1001044,양재역_3,양재역
D,1001030,양재역_2,양재역
D,1001031,서울 관악구 신림역_1,서울 관악구 신림역
D,1001032,서울 관악구 신림역_2,서울 관악구 신림역
D,1001033,서울 서초구 남부터미널역_1,서울 서초구 남부터미널역
